order_id,barcode
B-25601,Bookcases
,Stole
B-25601,Hankerchief
B-25601,Electronic Games
B-25602,Phones
B-25602,Phones
B-25602,Phones
,Saree
,Saree
,Trousers
,Chairs
,Saree
,Trousers
,Stole
,Stole
B-25603,Hankerchief
B-25603,Kurti
B-25604,T-shirt
B-25604,Saree
B-25605,Saree
B-25606,Shirt
B-25607,Leggings
B-25608,Tables
B-25608,Chairs
B-25608,Hankerchief
B-25608,Printers
B-25609,Electronic Games
B-25609,Saree
B-25610,Printers
B-25610,Stole
B-25610,Accessories
B-25610,Printers
B-25610,Saree
B-25610,Furnishings
B-25611,Saree
B-25612,Chairs
B-25613,Saree
B-25614,Bookcases
B-25614,Electronic Games
B-25615,Hankerchief
B-25616,Hankerchief
B-25616,Stole
B-25616,Hankerchief
B-25616,Hankerchief
B-25617,Electronic Games
B-25618,Bookcases
B-25618,Hankerchief
B-25619,
B-25620,
B-25621,
B-25621,
B-25621,
B-25622,Saree
B-25623,Stole
B-25623,Stole
B-25623,Saree
B-25623,Stole
B-25624,Hankerchief
B-25625,Hankerchief
B-25625,Leggings
B-25625,Saree
B-25626,Phones
B-25626,Chairs
B-25627,Stole
B-25628,Skirt
B-25628,Saree
B-25628,Furnishings
B-25629,Trousers
B-25630,Stole
B-25630,Kurti
B-25630,Phones
B-25630,Stole
B-25630,T-shirt
B-25630,Kurti
B-25631,Furnishings
B-25632,Leggings
B-25633,Phones
B-25633,Saree
B-25633,Trousers
B-25634,Chairs
B-25635,Hankerchief
B-25635,Skirt
B-25635,Saree
B-25636,Saree
B-25637,Shirt
B-25638,Bookcases
B-25638,Furnishings
B-25638,Hankerchief
B-25638,Printers
B-25639,Phones
B-25640,Trousers
B-25640,Hankerchief
B-25640,Saree
B-25641,Furnishings
B-25642,Shirt
B-25643,Bookcases
B-25643,Hankerchief
B-25643,Shirt
B-25643,Electronic Games
B-25643,Electronic Games
B-25644,Furnishings
B-25645,Phones
B-25645,T-shirt
B-25645,Printers
B-25645,Phones
B-25646,Saree
B-25647,Saree
B-25648,Phones
B-25648,T-shirt
B-25648,Saree
B-25648,Saree
B-25649,Stole
B-25650,Printers
B-25650,Saree
B-25650,Saree
B-25650,Stole
B-25650,Saree
B-25650,Electronic Games
B-25650,Saree
B-25650,Phones
B-25650,Trousers
B-25651,Bookcases
B-25651,Stole
B-25651,Leggings
B-25651,Skirt
B-25651,T-shirt
B-25651,Chairs
B-25651,Shirt
B-25651,Chairs
B-25651,Saree
B-25651,Saree
B-25652,Skirt
B-25652,Hankerchief
B-25652,Accessories
B-25652,Saree
B-25652,Leggings
B-25652,Leggings
B-25652,Hankerchief
B-25653,Printers
B-25653,Saree
B-25653,Phones
B-25653,Accessories
B-25653,Chairs
B-25653,Phones
B-25653,Accessories
B-25653,Printers
B-25653,Accessories
B-25654,Hankerchief
B-25654,Saree
B-25654,Saree
B-25654,Electronic Games
B-25654,Furnishings
B-25654,Stole
B-25654,Printers
B-25654,Furnishings
B-25655,Hankerchief
B-25655,Hankerchief
B-25655,Saree
B-25655,Trousers
B-25655,Saree
B-25655,Chairs
B-25655,Skirt
B-25655,Hankerchief
B-25655,Skirt
B-25656,Saree
B-25656,Stole
B-25656,Saree
B-25656,Hankerchief
B-25656,Hankerchief
B-25656,Hankerchief
B-25656,Saree
B-25656,Electronic Games
B-25656,Skirt
B-25656,Saree
B-25656,Printers
B-25656,Hankerchief
B-25657,Electronic Games
B-25657,Saree
B-25657,Phones
B-25657,Chairs
B-25658,T-shirt
B-25659,T-shirt
B-25660,Saree
B-25661,Hankerchief
B-25661,Chairs
B-25661,Chairs
B-25661,Chairs
B-25661,Chairs
B-25661,Hankerchief
B-25662,T-shirt
B-25662,Electronic Games
B-25662,Furnishings
B-25663,Printers
B-25664,Phones
B-25664,Phones
B-25664,Phones
B-25664,Bookcases
B-25665,Accessories
B-25666,Electronic Games
B-25667,Hankerchief
B-25667,Skirt
B-25667,Saree
B-25667,Printers
B-25667,Bookcases
B-25668,Furnishings
B-25669,Tables
B-25670,Stole
B-25670,Hankerchief
B-25670,Hankerchief
B-25670,Bookcases
B-25671,Trousers
B-25672,Stole
B-25673,Saree
B-25673,Saree
B-25673,Shirt
B-25673,Saree
B-25673,T-shirt
B-25674,Skirt
B-25675,Saree
B-25676,Electronic Games
B-25676,Trousers
B-25676,Tables
B-25676,Shirt
B-25676,Shirt
B-25677,Accessories
B-25678,Saree
B-25678,Skirt
B-25678,Phones
B-25678,Shirt
B-25679,Saree
B-25680,Saree
B-25681,Accessories
B-25681,Trousers
B-25681,Saree
B-25681,Chairs
B-25681,Phones
B-25681,Electronic Games
B-25682,Phones
B-25683,Printers
B-25683,Phones
B-25683,Furnishings
B-25683,Stole
B-25683,Saree
B-25684,Chairs
B-25685,Furnishings
B-25685,Phones
B-25685,Furnishings
B-25685,Shirt
B-25686,Saree
B-25686,Printers
B-25686,Tables
B-25687,Stole
B-25687,Saree
B-25687,T-shirt
B-25687,Saree
B-25687,Kurti
B-25688,Saree
B-25689,Electronic Games
B-25689,Stole
B-25689,Stole
B-25690,Skirt
B-25691,Saree
B-25691,Stole
B-25691,Stole
B-25692,Furnishings
B-25693,Hankerchief
B-25693,Saree
B-25693,Saree
B-25693,Phones
B-25693,T-shirt
B-25693,Phones
B-25693,Skirt
B-25694,T-shirt
B-25695,Shirt
B-25696,Phones
B-25696,Saree
B-25696,Printers
B-25696,Saree
B-25696,Kurti
B-25696,Saree
B-25697,Accessories
B-25697,Printers
B-25697,Skirt
B-25697,Phones
B-25697,Stole
B-25697,Printers
B-25697,Trousers
B-25698,Kurti
B-25698,Hankerchief
B-25698,Saree
B-25698,Chairs
B-25698,Hankerchief
B-25698,Phones
B-25699,Furnishings
B-25699,Stole
B-25699,Leggings
B-25699,Accessories
B-25700,Shirt
B-25700,Stole
B-25700,Hankerchief
B-25701,Skirt
B-25701,Shirt
B-25701,Chairs
B-25701,Hankerchief
B-25702,Shirt
B-25702,Chairs
B-25702,Saree
B-25702,Tables
B-25702,Saree
B-25703,Furnishings
B-25703,Stole
B-25703,Hankerchief
B-25703,Hankerchief
B-25703,Kurti
B-25703,Saree
B-25703,Saree
B-25703,Shirt
B-25704,Accessories
B-25704,Phones
B-25705,Electronic Games
B-25706,Stole
B-25707,Stole
B-25708,Furnishings
B-25708,Phones
B-25708,Stole
B-25708,Stole
B-25709,Saree
B-25709,Chairs
B-25710,Furnishings
B-25710,Furnishings
B-25710,Leggings
B-25710,Skirt
B-25710,T-shirt
B-25710,T-shirt
B-25711,Hankerchief
B-25712,Phones
B-25713,Chairs
B-25714,Hankerchief
B-25714,Shirt
B-25715,Phones
B-25716,Saree
B-25717,Saree
B-25717,Saree
B-25717,Shirt
B-25717,Chairs
B-25718,Bookcases
B-25718,Bookcases
B-25719,Stole
B-25720,Chairs
B-25721,Skirt
B-25721,Shirt
B-25721,Phones
B-25722,Stole
B-25723,Stole
B-25723,Stole
B-25723,Leggings
B-25723,Electronic Games
B-25724,Bookcases
B-25725,Hankerchief
B-25725,Stole
B-25725,Electronic Games
B-25726,Bookcases
B-25727,Leggings
B-25727,Trousers
B-25728,Printers
B-25728,Phones
B-25728,Saree
B-25729,Phones
B-25730,Phones
B-25730,Chairs
B-25730,Stole
B-25730,Hankerchief
B-25730,Accessories
B-25730,Chairs
B-25731,Furnishings
B-25732,Stole
B-25733,Stole
B-25733,Stole
B-25733,Hankerchief
B-25734,Electronic Games
B-25735,Hankerchief
B-25735,Skirt
B-25735,Hankerchief
B-25736,Skirt
B-25737,Trousers
B-25738,Furnishings
B-25738,Saree
B-25738,Saree
B-25738,Phones
B-25739,Chairs
B-25740,Stole
B-25740,Skirt
B-25740,Saree
B-25741,Electronic Games
B-25742,Skirt
B-25743,Saree
B-25743,Saree
B-25743,Trousers
B-25743,Stole
B-25743,Hankerchief
B-25744,Printers
B-25745,Stole
B-25745,Saree
B-25745,Bookcases
B-25745,Furnishings
B-25746,Saree
B-25747,Bookcases
B-25748,Shirt
B-25748,Phones
B-25748,Leggings
B-25748,Electronic Games
B-25749,Bookcases
B-25750,Chairs
B-25750,Skirt
B-25750,Saree
B-25750,Stole
B-25750,Furnishings
B-25750,Furnishings
B-25750,Saree
B-25750,Shirt
B-25750,Bookcases
B-25751,Kurti
B-25751,Leggings
B-25751,Phones
B-25751,Phones
B-25751,Saree
B-25751,Shirt
B-25751,Electronic Games
B-25751,Hankerchief
B-25751,Hankerchief
B-25751,Electronic Games
B-25752,Bookcases
B-25752,Electronic Games
B-25752,Stole
B-25752,T-shirt
B-25752,Hankerchief
B-25752,Printers
B-25752,Chairs
B-25753,Kurti
B-25753,Hankerchief
B-25753,Accessories
B-25753,Furnishings
B-25753,Trousers
B-25753,T-shirt
B-25753,T-shirt
B-25753,Accessories
B-25753,Stole
B-25754,Kurti
B-25754,Leggings
B-25754,Saree
B-25754,Stole
B-25754,Skirt
B-25754,Skirt
B-25754,Saree
B-25754,Printers
B-25755,Saree
B-25755,Bookcases
B-25755,Stole
B-25755,Saree
B-25755,Stole
B-25755,Bookcases
B-25755,Chairs
B-25755,Trousers
B-25755,Saree
B-25756,Phones
B-25756,Printers
B-25756,Bookcases
B-25756,Bookcases
B-25756,Leggings
B-25757,Skirt
B-25757,T-shirt
B-25757,Furnishings
B-25757,Trousers
B-25757,Stole
B-25757,Stole
B-25757,Stole
B-25757,Hankerchief
B-25757,Hankerchief
B-25757,Hankerchief
B-25757,Skirt
B-25758,Stole
B-25759,Hankerchief
B-25760,Printers
B-25761,Bookcases
B-25761,Electronic Games
B-25761,Phones
B-25761,Saree
B-25761,Saree
B-25761,Electronic Games
B-25762,Electronic Games
B-25762,Skirt
B-25762,Saree
B-25763,Chairs
B-25764,T-shirt
B-25764,Phones
B-25764,Kurti
B-25764,Saree
B-25765,Stole
B-25766,Saree
B-25767,Electronic Games
B-25767,Kurti
B-25767,Accessories
B-25767,Saree
B-25767,Saree
B-25768,Trousers
B-25769,Saree
B-25770,Bookcases
B-25770,Bookcases
B-25770,Chairs
B-25770,Furnishings
B-25771,Hankerchief
B-25772,Printers
B-25773,Chairs
B-25773,Saree
B-25773,Saree
B-25773,Electronic Games
B-25773,Chairs
B-25774,Furnishings
B-25775,Stole
B-25776,Kurti
B-25777,Accessories
B-25777,Kurti
B-25777,T-shirt
B-25777,Kurti
B-25777,Printers
B-25778,Printers
B-25778,Saree
B-25778,Saree
B-25778,Electronic Games
B-25779,Tables
B-25780,Phones
B-25781,Hankerchief
B-25781,T-shirt
B-25781,Trousers
B-25781,Stole
B-25781,Kurti
B-25781,Printers
B-25782,Chairs
B-25783,Stole
B-25783,Hankerchief
B-25783,Leggings
B-25783,Shirt
B-25783,Hankerchief
B-25784,Hankerchief
B-25785,Saree
B-25785,T-shirt
B-25785,Saree
B-25785,Saree
B-25786,Bookcases
B-25786,Tables
B-25786,Stole
B-25786,Skirt
B-25787,Saree
B-25787,Shirt
B-25787,Accessories
B-25787,Furnishings
B-25788,Stole
B-25789,Kurti
B-25789,Bookcases
B-25789,Furnishings
B-25790,Electronic Games
B-25791,Saree
B-25791,Saree
B-25791,Saree
B-25792,Stole
B-25793,Hankerchief
B-25793,Kurti
B-25793,Hankerchief
B-25793,Saree
B-25793,Skirt
B-25793,Hankerchief
B-25793,Saree
B-25794,Accessories
B-25795,Phones
B-25796,Saree
B-25796,Accessories
B-25796,Chairs
B-25796,Stole
B-25796,Saree
B-25796,Trousers
B-25796,Saree
B-25797,Accessories
B-25797,Bookcases
B-25797,Chairs
B-25797,Saree
B-25797,Tables
B-25797,Hankerchief
B-25798,Saree
B-25798,Printers
B-25798,Bookcases
B-25798,Stole
B-25798,Stole
B-25798,Hankerchief
B-25799,Saree
B-25799,Saree
B-25799,Chairs
B-25799,Stole
B-25800,Accessories
B-25800,Leggings
B-25800,Hankerchief
B-25801,Saree
B-25801,Stole
B-25801,Leggings
B-25801,T-shirt
B-25802,Saree
B-25802,Accessories
B-25802,Skirt
B-25802,Shirt
B-25802,Stole
B-25803,Trousers
B-25803,Electronic Games
B-25803,Trousers
B-25803,Shirt
B-25803,Printers
B-25803,Chairs
B-25803,Stole
B-25803,Saree
B-25804,T-shirt
B-25804,Printers
B-25805,Chairs
B-25806,Tables
B-25807,Stole
B-25808,Leggings
B-25808,Electronic Games
B-25808,Stole
B-25808,Hankerchief
B-25809,Hankerchief
B-25809,Hankerchief
B-25810,Hankerchief
B-25810,Saree
B-25810,Shirt
B-25810,Accessories
B-25810,Stole
B-25810,Hankerchief
B-25811,Hankerchief
B-25812,Hankerchief
B-25813,Chairs
B-25814,T-shirt
B-25814,Saree
B-25815,Stole
B-25816,Stole
B-25817,Printers
B-25818,Hankerchief
B-25818,Kurti
B-25818,Leggings
B-25818,Furnishings
B-25818,Hankerchief
B-25819,Electronic Games
B-25820,Chairs
B-25821,Stole
B-25821,Hankerchief
B-25821,Accessories
B-25822,Saree
B-25823,Electronic Games
B-25823,Furnishings
B-25823,Accessories
B-25823,Furnishings
B-25824,Furnishings
B-25825,Phones
B-25825,Stole
B-25825,Saree
B-25826,Printers
B-25827,Chairs
B-25828,Saree
B-25828,Leggings
B-25828,Saree
B-25828,Saree
B-25829,Hankerchief
B-25830,Hankerchief
B-25830,Saree
B-25830,Skirt
B-25830,Accessories
B-25830,Phones
B-25830,Phones
B-25831,Saree
B-25832,Bookcases
B-25833,Hankerchief
B-25833,Hankerchief
B-25833,Stole
B-25834,Stole
B-25835,Leggings
B-25835,Leggings
B-25835,Stole
B-25836,Printers
B-25837,Stole
B-25838,Hankerchief
B-25838,Hankerchief
B-25838,Printers
B-25838,Stole
B-25839,Saree
B-25840,Bookcases
B-25840,Bookcases
B-25840,Saree
B-25841,Skirt
B-25842,Printers
B-25843,Skirt
B-25843,Accessories
B-25843,Hankerchief
B-25843,Hankerchief
B-25843,Stole
B-25844,Saree
B-25845,Phones
B-25845,Kurti
B-25845,Printers
B-25845,Stole
B-25846,Leggings
B-25847,Printers
B-25847,Furnishings
B-25848,Furnishings
B-25848,Hankerchief
B-25848,Electronic Games
B-25849,Phones
B-25850,T-shirt
B-25850,Hankerchief
B-25850,Leggings
B-25850,Stole
B-25850,Hankerchief
B-25850,Accessories
B-25850,Trousers
B-25850,Phones
B-25850,Saree
B-25851,Hankerchief
B-25851,Printers
B-25851,T-shirt
B-25851,Saree
B-25851,Bookcases
B-25851,Hankerchief
B-25851,T-shirt
B-25851,Saree
B-25851,Kurti
B-25851,T-shirt
B-25852,Printers
B-25852,Hankerchief
B-25852,Hankerchief
B-25852,Stole
B-25852,Stole
B-25852,Tables
B-25852,Kurti
B-25853,Skirt
B-25853,Hankerchief
B-25853,Hankerchief
B-25853,Saree
B-25853,Printers
B-25853,Chairs
B-25853,Furnishings
B-25853,Saree
B-25853,Stole
B-25854,Stole
B-25854,Hankerchief
B-25854,Hankerchief
B-25854,Stole
B-25854,Furnishings
B-25854,Hankerchief
B-25854,Saree
B-25854,Saree
B-25855,Printers
B-25855,Electronic Games
B-25855,Hankerchief
B-25855,Hankerchief
B-25855,Hankerchief
B-25855,Saree
B-25855,Printers
B-25855,Bookcases
B-25855,Furnishings
B-25856,Stole
B-25856,Skirt
B-25856,Saree
B-25856,Saree
B-25856,Saree
B-25857,Accessories
B-25857,Bookcases
B-25857,Furnishings
B-25858,Hankerchief
B-25858,Skirt
B-25858,Skirt
B-25858,Shirt
B-25858,Accessories
B-25858,Saree
B-25858,Saree
B-25858,Bookcases
B-25858,Electronic Games
B-25859,Bookcases
B-25860,Kurti
B-25861,Saree
B-25861,Stole
B-25861,Hankerchief
B-25861,Hankerchief
B-25861,Hankerchief
B-25861,Electronic Games
B-25862,Bookcases
B-25862,Stole
B-25862,Stole
B-25863,Stole
B-25864,Stole
B-25864,Hankerchief
B-25864,Leggings
B-25864,Hankerchief
B-25865,Saree
B-25866,Stole
B-25867,Stole
B-25867,Kurti
B-25867,Shirt
B-25868,Accessories
B-25868,Phones
B-25868,Tables
B-25869,Saree
B-25870,Kurti
B-25870,Saree
B-25870,Furnishings
B-25870,Hankerchief
B-25871,Hankerchief
B-25872,Shirt
B-25873,Stole
B-25873,Electronic Games
B-25873,Hankerchief
B-25873,Phones
B-25873,Kurti
B-25874,T-shirt
B-25875,Saree
B-25876,Trousers
B-25877,Trousers
B-25877,Chairs
B-25877,Skirt
B-25878,Furnishings
B-25878,Leggings
B-25878,T-shirt
B-25878,Stole
B-25878,Bookcases
B-25878,Chairs
B-25879,Kurti
B-25880,Stole
B-25881,Hankerchief
B-25881,Leggings
B-25881,Electronic Games
B-25881,Trousers
B-25881,Leggings
B-25881,Chairs
B-25882,Stole
B-25883,Hankerchief
B-25883,Leggings
B-25883,Furnishings
B-25883,Hankerchief
B-25883,Leggings
B-25884,Hankerchief
B-25885,Shirt
B-25885,Bookcases
B-25885,Chairs
B-25885,Stole
B-25886,Stole
B-25886,Phones
B-25886,T-shirt
B-25886,Shirt
B-25887,Shirt
B-25887,Printers
B-25888,Hankerchief
B-25888,Phones
B-25888,Electronic Games
B-25889,Kurti
B-25889,Kurti
B-25889,T-shirt
B-25890,Saree
B-25891,Hankerchief
B-25891,Hankerchief
B-25891,Stole
B-25892,Shirt
B-25893,Stole
B-25893,Kurti
B-25893,Saree
B-25893,Accessories
B-25893,Printers
B-25893,Shirt
B-25893,Stole
B-25894,Bookcases
B-25895,Bookcases
B-25896,Skirt
B-25896,Kurti
B-25896,T-shirt
B-25896,Hankerchief
B-25896,Kurti
B-25896,Skirt
B-25896,Furnishings
B-25897,Stole
B-25897,Hankerchief
B-25897,Hankerchief
B-25897,Electronic Games
B-25898,Leggings
B-25898,Saree
B-25898,Stole
B-25898,T-shirt
B-25898,Electronic Games
B-25898,Tables
B-25898,Shirt
B-25898,Tables
B-25899,Leggings
B-25899,Skirt
B-25899,Saree
B-25899,Chairs
B-25900,Leggings
B-25900,T-shirt
B-25900,Phones
B-25901,Hankerchief
B-25901,T-shirt
B-25901,Furnishings
B-25901,Hankerchief
B-25902,Saree
B-25902,Bookcases
B-25902,Accessories
B-25902,Trousers
B-25902,Accessories
B-25903,Accessories
B-25903,Hankerchief
B-25903,Leggings
B-25903,Hankerchief
B-25903,Furnishings
B-25903,Hankerchief
B-25903,Shirt
B-25903,Phones
B-25904,Bookcases
B-25904,Chairs
B-25905,Stole
B-25906,Stole
B-25907,Hankerchief
B-25908,Kurti
B-25909,Saree
B-25909,Accessories
B-25909,Phones
B-25909,Phones
B-25909,Skirt
B-25910,Shirt
B-25910,Trousers
B-25910,Electronic Games
B-25910,Tables
B-25910,Hankerchief
B-25910,Shirt
B-25911,Kurti
B-25912,T-shirt
B-25913,Stole
B-25914,Chairs
B-25914,Stole
B-25915,Electronic Games
B-25916,Skirt
B-25917,T-shirt
B-25918,Furnishings
B-25919,T-shirt
B-25919,Stole
B-25919,Printers
B-25919,Electronic Games
B-25919,Phones
B-25920,T-shirt
B-25921,T-shirt
B-25921,Accessories
B-25921,Accessories
B-25922,Stole
B-25923,Accessories
B-25923,Printers
B-25923,Trousers
B-25923,Phones
B-25924,Chairs
B-25925,Stole
B-25925,Electronic Games
B-25925,Chairs
B-25926,Leggings
B-25927,Electronic Games
B-25928,Furnishings
B-25928,Accessories
B-25929,Bookcases
B-25929,Chairs
B-25929,Chairs
B-25930,T-shirt
B-25930,Electronic Games
B-25930,Bookcases
B-25930,Hankerchief
B-25930,Hankerchief
B-25930,T-shirt
B-25931,Chairs
B-25932,Furnishings
B-25933,Stole
B-25933,Saree
B-25933,Saree
B-25934,Saree
B-25935,Chairs
B-25935,Hankerchief
B-25935,Chairs
B-25936,Saree
B-25937,Bookcases
B-25938,Furnishings
B-25938,Stole
B-25939,Accessories
B-25939,Accessories
B-25939,Electronic Games
B-25940,Stole
B-25940,Hankerchief
B-25940,Leggings
B-25941,Shirt
B-25942,Printers
B-25943,Stole
B-25943,Hankerchief
B-25943,Saree
B-25943,Accessories
B-25943,Hankerchief
B-25944,Saree
B-25945,Bookcases
B-25945,Saree
B-25945,Shirt
B-25945,Electronic Games
B-25946,Phones
B-25947,Hankerchief
B-25947,Accessories
B-25948,Furnishings
B-25949,Hankerchief
B-25949,Trousers
B-25949,Hankerchief
B-25950,Leggings
B-25950,Stole
B-25950,Printers
B-25950,Shirt
B-25950,Printers
B-25950,Furnishings
B-25950,Hankerchief
B-25950,Saree
B-25950,Stole
B-25951,Stole
B-25951,Electronic Games
B-25951,Hankerchief
B-25951,Stole
B-25951,Accessories
B-25951,Trousers
B-25951,Stole
B-25951,Kurti
B-25951,Phones
B-25951,Bookcases
B-25952,Hankerchief
B-25952,Skirt
B-25952,Electronic Games
B-25952,Chairs
B-25952,Trousers
B-25952,Saree
B-25952,Hankerchief
B-25953,Hankerchief
B-25953,Electronic Games
B-25953,Stole
B-25953,Hankerchief
B-25953,Accessories
B-25953,T-shirt
B-25953,Printers
B-25953,Bookcases
B-25953,Stole
B-25954,Saree
B-25954,Phones
B-25954,Stole
B-25954,Leggings
B-25954,Shirt
B-25954,Furnishings
B-25954,Electronic Games
B-25954,Electronic Games
B-25955,Accessories
B-25955,Skirt
B-25955,Saree
B-25955,Stole
B-25955,T-shirt
B-25955,Printers
B-25955,Bookcases
B-25955,T-shirt
B-25955,Phones
B-25956,Shirt
B-25956,Hankerchief
B-25956,Hankerchief
B-25956,Phones
B-25956,Phones
B-25957,Stole
B-25957,Saree
B-25957,Bookcases
B-25958,Hankerchief
B-25958,Saree
B-25959,Phones
B-25959,Chairs
B-25959,Kurti
B-25959,Shirt
B-25959,Phones
B-25959,Chairs
B-25959,Hankerchief
B-25959,Hankerchief
B-25960,Bookcases
B-25961,Leggings
B-25961,Bookcases
B-25961,Skirt
B-25961,Printers
B-25961,Shirt
B-25961,Skirt
B-25962,Printers
B-25962,Electronic Games
B-25962,Bookcases
B-25963,Furnishings
B-25964,Stole
B-25964,Saree
B-25964,Electronic Games
B-25964,Chairs
B-25965,Hankerchief
B-25966,Electronic Games
B-25967,Skirt
B-25967,Furnishings
B-25967,Saree
B-25968,Accessories
B-25969,Printers
B-25969,Bookcases
B-25969,T-shirt
B-25970,Printers
B-25970,Bookcases
B-25970,Stole
B-25970,Phones
B-25971,Bookcases
B-25972,Accessories
B-25973,Stole
B-25973,Hankerchief
B-25973,Shirt
B-25973,Leggings
B-25973,Printers
B-25974,Bookcases
B-25975,Skirt
B-25976,T-shirt
B-25977,Stole
B-25977,Stole
B-25977,T-shirt
B-25978,Electronic Games
B-25978,Stole
B-25979,Saree
B-25979,Shirt
B-25979,Bookcases
B-25979,Hankerchief
B-25979,Kurti
B-25980,Kurti
B-25981,Leggings
B-25981,Saree
B-25981,T-shirt
B-25981,Bookcases
B-25981,Phones
B-25981,Stole
B-25982,Leggings
B-25983,Saree
B-25983,Chairs
B-25983,Furnishings
B-25983,T-shirt
B-25983,Bookcases
B-25984,Stole
B-25985,Kurti
B-25985,Shirt
B-25985,Hankerchief
B-25985,Stole
B-25986,Furnishings
B-25986,Leggings
B-25986,Printers
B-25986,Electronic Games
B-25987,Stole
B-25987,Hankerchief
B-25988,Skirt
B-25989,Hankerchief
B-25989,Stole
B-25989,Accessories
B-25989,Bookcases
B-25989,Hankerchief
B-25990,Saree
B-25991,Shirt
B-25991,Chairs
B-25991,Hankerchief
B-25992,Shirt
B-25993,Stole
B-25993,Printers
B-25993,Tables
B-25993,Phones
B-25993,Furnishings
B-25993,Furnishings
B-25993,Printers
B-25994,Phones
B-25995,Bookcases
B-25996,Skirt
B-25996,Hankerchief
B-25996,Furnishings
B-25996,Shirt
B-25996,Phones
B-25996,Stole
B-25996,Saree
B-25997,Hankerchief
B-25997,Electronic Games
B-25997,Bookcases
B-25997,Hankerchief
B-25998,Furnishings
B-25999,Stole
B-25999,Stole
B-25999,Saree
B-25999,Electronic Games
B-25999,Stole
B-25999,Phones
B-25999,Shirt
B-25999,Accessories
B-25999,Hankerchief
B-25999,Saree
B-25999,Furnishings
B-26000,Skirt
B-26000,Printers
B-26000,Chairs
B-26001,Hankerchief
B-26001,Furnishings
B-26001,Skirt
B-26001,Skirt
B-26002,Stole
B-26002,Saree
B-26002,T-shirt
B-26002,Saree
B-26002,Saree
B-26003,Chairs
B-26003,Hankerchief
B-26003,Furnishings
B-26003,Furnishings
B-26003,T-shirt
B-26003,Saree
B-26003,Tables
B-26003,Skirt
B-26004,Saree
B-26004,Electronic Games
B-26005,Stole
B-26006,Accessories
B-26007,Bookcases
B-26008,Stole
B-26008,Hankerchief
B-26008,Leggings
B-26008,Saree
B-26009,Printers
B-26009,Shirt
B-26010,Electronic Games
B-26010,Stole
B-26010,Shirt
B-26010,Hankerchief
B-26010,Furnishings
B-26010,T-shirt
B-26011,Stole
B-26012,Saree
B-26013,Skirt
B-26014,Chairs
B-26014,Chairs
B-26015,Saree
B-26016,Shirt
B-26016,Hankerchief
B-26016,Electronic Games
B-26016,Electronic Games
B-26017,Chairs
B-26018,Furnishings
B-26018,Hankerchief
B-26019,T-shirt
B-26020,Accessories
B-26021,Furnishings
B-26021,Stole
B-26021,Hankerchief
B-26022,Phones
B-26023,Bookcases
B-26023,Furnishings
B-26023,Stole
B-26023,Stole
B-26024,Stole
B-26025,Stole
B-26025,Stole
B-26025,Hankerchief
B-26026,Hankerchief
B-26026,Kurti
B-26027,T-shirt
B-26028,Shirt
B-26028,Accessories
B-26028,Phones
B-26029,T-shirt
B-26030,Hankerchief
B-26030,Skirt
B-26030,Accessories
B-26030,Stole
B-26030,Shirt
B-26030,Printers
B-26031,Leggings
B-26032,Saree
B-26033,Accessories
B-26033,Bookcases
B-26033,Shirt
B-26034,Accessories
B-26035,Saree
B-26035,Phones
B-26035,Electronic Games
B-26036,Furnishings
B-26037,Stole
B-26038,T-shirt
B-26038,Shirt
B-26038,Stole
B-26038,T-shirt
B-26039,Shirt
B-26040,Stole
B-26040,Hankerchief
B-26040,Trousers
B-26041,Furnishings
B-26042,Stole
B-26043,Stole
B-26043,Hankerchief
B-26043,Hankerchief
B-26043,Skirt
B-26043,Stole
B-26044,Skirt
B-26045,Furnishings
B-26045,Stole
B-26045,Saree
B-26045,Stole
B-26046,Hankerchief
B-26047,Skirt
B-26048,Accessories
B-26048,Chairs
B-26048,Tables
B-26048,Trousers
B-26049,Hankerchief
B-26050,T-shirt
B-26050,Saree
B-26050,Phones
B-26050,Accessories
B-26050,Saree
B-26050,Shirt
B-26050,Stole
B-26050,Hankerchief
B-26050,Printers
B-26051,T-shirt
B-26051,Bookcases
B-26051,Bookcases
B-26051,Stole
B-26051,Stole
B-26051,Hankerchief
B-26051,Saree
B-26051,Accessories
B-26051,Printers
B-26051,Electronic Games
B-26052,Kurti
B-26052,T-shirt
B-26052,Saree
B-26052,Kurti
B-26052,Shirt
B-26052,Stole
B-26052,Accessories
B-26053,Skirt
B-26053,Bookcases
B-26053,Saree
B-26053,Accessories
B-26053,Bookcases
B-26053,Stole
B-26053,Skirt
B-26053,Chairs
B-26053,Stole
B-26054,Hankerchief
B-26054,Saree
B-26054,Shirt
B-26054,Accessories
B-26054,Stole
B-26054,Stole
B-26054,Stole
B-26054,Electronic Games
B-26055,Stole
B-26055,Chairs
B-26055,T-shirt
B-26055,Shirt
B-26055,Printers
B-26055,Saree
B-26055,Bookcases
B-26055,Phones
B-26055,Shirt
B-26056,Stole
B-26056,Hankerchief
B-26056,Hankerchief
B-26056,Saree
B-26056,Phones
B-26056,Hankerchief
B-26056,Hankerchief
B-26056,Hankerchief
B-26056,Accessories
B-26056,Bookcases
B-26056,Kurti
B-26056,Hankerchief
B-26057,Printers
B-26057,T-shirt
B-26057,Bookcases
B-26057,Trousers
B-26058,Hankerchief
B-26059,T-shirt
B-26060,Saree
B-26061,Accessories
B-26061,Printers
B-26061,Printers
B-26061,Saree
B-26061,Stole
B-26061,T-shirt
B-26062,Stole
B-26062,Stole
B-26062,Stole
B-26063,Electronic Games
B-26064,Leggings
B-26064,Hankerchief
B-26064,T-shirt
B-26064,Saree
B-26065,Stole
B-26066,Saree
B-26067,Bookcases
B-26067,Hankerchief
B-26067,Saree
B-26067,Printers
B-26067,T-shirt
B-26068,Accessories
B-26069,Kurti
B-26070,Shirt
B-26070,Furnishings
B-26070,Trousers
B-26070,Hankerchief
B-26071,Hankerchief
B-26072,Electronic Games
B-26073,Hankerchief
B-26073,Stole
B-26073,Hankerchief
B-26073,Saree
B-26073,Printers
B-26074,Leggings
B-26075,Stole
B-26076,Stole
B-26076,Shirt
B-26076,T-shirt
B-26076,Saree
B-26076,Bookcases
B-26077,Hankerchief
B-26078,Skirt
B-26078,T-shirt
B-26078,Electronic Games
B-26078,Stole
B-26079,Hankerchief
B-26080,T-shirt
B-26081,Bookcases
B-26081,Saree
B-26081,Accessories
B-26081,Stole
B-26081,Hankerchief
B-26081,Saree
B-26082,Stole
B-26083,Leggings
B-26083,T-shirt
B-26083,Saree
B-26083,Accessories
B-26083,Accessories
B-26084,Electronic Games
B-26085,Saree
B-26085,Trousers
B-26085,Stole
B-26085,Saree
B-26086,T-shirt
B-26086,Printers
B-26086,Hankerchief
B-26087,Saree
B-26087,Hankerchief
B-26087,Electronic Games
B-26087,Stole
B-26087,Stole
B-26088,Hankerchief
B-26089,Kurti
B-26089,Hankerchief
B-26089,Kurti
B-26090,Stole
B-26091,Stole
B-26091,Hankerchief
B-26091,Leggings
B-26092,T-shirt
B-26093,Saree
B-26093,Printers
B-26093,Bookcases
B-26093,Accessories
,Leggings
B-26093,Hankerchief
B-26093,Saree
B-26094,Stole
B-26095,Kurti
B-26096,Leggings
B-26096,Saree
B-26096,Shirt
B-26096,Accessories
B-26096,Phones
B-26096,Trousers
B-26097,Hankerchief
B-26097,Hankerchief
B-26097,Hankerchief
B-26097,Leggings
B-26097,Chairs
B-26097,Printers
B-26097,Electronic Games
B-26098,Accessories
B-26098,Chairs
B-26098,Leggings
B-26098,
B-26098,T-shirt
B-26098,Skirt
B-26099,Skirt
B-26099,Hankerchief
B-26099,Phones
B-26099,Trousers
B-26100,Chairs
B-26100,
B-26100,Shirt
ggg1,
